{"ast_type":"Module","body":[{"ast_type":"Expr","col_offset":0,"lineno":1,"value":{"args":[{"args":[{"args":[{"ast_type":"Str","col_offset":6,"lineno":1,"s":"username"}],"ast_type":"Call","col_offset":4,"func":{"ast_type":"Name","col_offset":4,"ctx":{"ast_type":"Load"},"id":"a","lineno":1},"keywords":[],"lineno":1}],"ast_type":"Call","col_offset":2,"func":{"ast_type":"Name","col_offset":2,"ctx":{"ast_type":"Load"},"id":"t","lineno":1},"keywords":[],"lineno":1}],"ast_type":"Call","col_offset":0,"func":{"ast_type":"Name","col_offset":0,"ctx":{"ast_type":"Load"},"id":"z","lineno":1},"keywords":[],"lineno":1}}]}
