{"ast_type":"Module","body":[{"ast_type":"Assign","col_offset":0,"lineno":1,"targets":[{"ast_type":"Name","col_offset":0,"ctx":{"ast_type":"Store"},"id":"nis","lineno":1}],"value":{"args":[{"ast_type":"Str","col_offset":6,"lineno":1,"s":"nis"}],"ast_type":"Call","col_offset":4,"func":{"ast_type":"Name","col_offset":4,"ctx":{"ast_type":"Load"},"id":"c","lineno":1},"keywords":[],"lineno":1}},{"ast_type":"Assign","col_offset":0,"lineno":2,"targets":[{"ast_type":"Name","col_offset":0,"ctx":{"ast_type":"Store"},"id":"q1","lineno":2}],"value":{"ast_type":"Str","col_offset":3,"lineno":2,"s":"xpto1"}},{"ast_type":"Assign","col_offset":0,"lineno":3,"targets":[{"ast_type":"Name","col_offset":0,"ctx":{"ast_type":"Store"},"id":"q2","lineno":3}],"value":{"ast_type":"BinOp","col_offset":3,"left":{"ast_type":"Name","col_offset":3,"ctx":{"ast_type":"Load"},"id":"nis","lineno":3},"lineno":3,"op":{"ast_type":"Add"},"right":{"ast_type":"Str","col_offset":9,"lineno":3,"s":"xpto2"}}},{"ast_type":"Assign","col_offset":0,"lineno":4,"targets":[{"ast_type":"Name","col_offset":0,"ctx":{"ast_type":"Store"},"id":"query","lineno":4}],"value":{"ast_type":"Attribute","attr":"query2","col_offset":6,"ctx":{"ast_type":"Load"},"lineno":4,"value":{"ast_type":"Name","col_offset":6,"ctx":{"ast_type":"Load"},"id":"query1","lineno":4}}},{"ast_type":"Assign","col_offset":0,"lineno":5,"targets":[{"ast_type":"Name","col_offset":0,"ctx":{"ast_type":"Store"},"id":"koneksi","lineno":5}],"value":{"ast_type":"Num","col_offset":8,"lineno":5,"n":{"ast_type":"int","n":0,"n_str":"0"}}},{"ast_type":"Assign","col_offset":0,"lineno":6,"targets":[{"ast_type":"Name","col_offset":0,"ctx":{"ast_type":"Store"},"id":"q","lineno":6}],"value":{"args":[{"ast_type":"Name","col_offset":4,"ctx":{"ast_type":"Load"},"id":"query","lineno":6},{"ast_type":"Name","col_offset":10,"ctx":{"ast_type":"Load"},"id":"koneksi","lineno":6}],"ast_type":"Call","col_offset":2,"func":{"ast_type":"Name","col_offset":2,"ctx":{"ast_type":"Load"},"id":"z","lineno":6},"keywords":[],"lineno":6}}]}
