{"ast_type":"Module","body":[{"ast_type":"Assign","col_offset":0,"lineno":1,"targets":[{"ast_type":"Name","col_offset":0,"ctx":{"ast_type":"Store"},"id":"nis","lineno":1}],"value":{"args":[{"ast_type":"Name","col_offset":6,"ctx":{"ast_type":"Load"},"id":"boo","lineno":1}],"ast_type":"Call","col_offset":4,"func":{"ast_type":"Name","col_offset":4,"ctx":{"ast_type":"Load"},"id":"b","lineno":1},"keywords":[],"lineno":1}},{"ast_type":"Assign","col_offset":0,"lineno":2,"targets":[{"ast_type":"Name","col_offset":0,"ctx":{"ast_type":"Store"},"id":"koneksi","lineno":2}],"value":{"ast_type":"Num","col_offset":8,"lineno":2,"n":{"ast_type":"int","n":0,"n_str":"0"}}},{"ast_type":"If","body":[{"ast_type":"Assign","col_offset":3,"lineno":4,"targets":[{"ast_type":"Name","col_offset":3,"ctx":{"ast_type":"Store"},"id":"q","lineno":4}],"value":{"ast_type":"Str","col_offset":5,"lineno":4,"s":"xpto1"}}],"col_offset":0,"lineno":3,"orelse":[{"ast_type":"Assign","col_offset":3,"lineno":6,"targets":[{"ast_type":"Name","col_offset":3,"ctx":{"ast_type":"Store"},"id":"q","lineno":6}],"value":{"ast_type":"Str","col_offset":5,"lineno":6,"s":"xpto2"}}],"test":{"ast_type":"Compare","col_offset":3,"comparators":[{"ast_type":"Name","col_offset":13,"ctx":{"ast_type":"Load"},"id":"nis","lineno":3}],"left":{"ast_type":"Name","col_offset":3,"ctx":{"ast_type":"Load"},"id":"indarg","lineno":3},"lineno":3,"ops":[{"ast_type":"Eq"}]}},{"ast_type":"Expr","col_offset":0,"lineno":7,"value":{"args":[{"ast_type":"Name","col_offset":2,"ctx":{"ast_type":"Load"},"id":"q","lineno":7},{"ast_type":"Name","col_offset":4,"ctx":{"ast_type":"Load"},"id":"koneksi","lineno":7}],"ast_type":"Call","col_offset":0,"func":{"ast_type":"Name","col_offset":0,"ctx":{"ast_type":"Load"},"id":"w","lineno":7},"keywords":[],"lineno":7}}]}
