{"ast_type":"Module","body":[{"ast_type":"Assign","col_offset":0,"lineno":1,"targets":[{"ast_type":"Name","col_offset":0,"ctx":{"ast_type":"Store"},"id":"query_string","lineno":1}],"value":{"ast_type":"Str","col_offset":15,"lineno":1,"s":"SELECT * FROM ionosphere"}},{"ast_type":"Assign","col_offset":0,"lineno":2,"targets":[{"ast_type":"Name","col_offset":0,"ctx":{"ast_type":"Store"},"id":"from_timestamp","lineno":2}],"value":{"args":[{"ast_type":"Str","col_offset":34,"lineno":2,"s":"from_timestamp"},{"ast_type":"NameConstant","col_offset":52,"lineno":2,"value":"None"}],"ast_type":"Call","col_offset":17,"func":{"ast_type":"Attribute","attr":"get","col_offset":17,"ctx":{"ast_type":"Load"},"lineno":2,"value":{"ast_type":"Attribute","attr":"args","col_offset":17,"ctx":{"ast_type":"Load"},"lineno":2,"value":{"ast_type":"Name","col_offset":17,"ctx":{"ast_type":"Load"},"id":"request","lineno":2}}},"keywords":[],"lineno":2}},{"ast_type":"Assign","col_offset":0,"lineno":3,"targets":[{"ast_type":"Name","col_offset":0,"ctx":{"ast_type":"Store"},"id":"new_query_string","lineno":3}],"value":{"ast_type":"BinOp","col_offset":19,"left":{"ast_type":"Str","col_offset":19,"lineno":3,"s":"%s AND anomaly_timestamp >= %s"},"lineno":3,"op":{"ast_type":"Mod"},"right":{"ast_type":"Tuple","col_offset":55,"ctx":{"ast_type":"Load"},"elts":[{"ast_type":"Name","col_offset":55,"ctx":{"ast_type":"Load"},"id":"query_string","lineno":3},{"ast_type":"Name","col_offset":69,"ctx":{"ast_type":"Load"},"id":"from_timestamp","lineno":3}],"lineno":3}}},{"ast_type":"Assign","col_offset":0,"lineno":4,"targets":[{"ast_type":"Name","col_offset":0,"ctx":{"ast_type":"Store"},"id":"query_string","lineno":4}],"value":{"ast_type":"Name","col_offset":15,"ctx":{"ast_type":"Load"},"id":"new_query_string","lineno":4}},{"ast_type":"Assign","col_offset":0,"lineno":5,"targets":[{"ast_type":"Name","col_offset":0,"ctx":{"ast_type":"Store"},"id":"stmt","lineno":5}],"value":{"ast_type":"Name","col_offset":7,"ctx":{"ast_type":"Load"},"id":"query_string","lineno":5}},{"ast_type":"Assign","col_offset":0,"lineno":6,"targets":[{"ast_type":"Name","col_offset":0,"ctx":{"ast_type":"Store"},"id":"it","lineno":6}],"value":{"args":[{"ast_type":"Name","col_offset":20,"ctx":{"ast_type":"Load"},"id":"stmt","lineno":6}],"ast_type":"Call","col_offset":5,"func":{"ast_type":"Attribute","attr":"execute","col_offset":5,"ctx":{"ast_type":"Load"},"lineno":6,"value":{"ast_type":"Name","col_offset":5,"ctx":{"ast_type":"Load"},"id":"engine","lineno":6}},"keywords":[],"lineno":6}}]}
