{"ast_type":"Module","body":[{"ast_type":"Assign","col_offset":0,"lineno":1,"targets":[{"ast_type":"Name","col_offset":0,"ctx":{"ast_type":"Store"},"id":"koneksi","lineno":1}],"value":{"ast_type":"Num","col_offset":8,"lineno":1,"n":{"ast_type":"int","n":0,"n_str":"0"}}},{"ast_type":"Assign","col_offset":0,"lineno":2,"targets":[{"ast_type":"Name","col_offset":0,"ctx":{"ast_type":"Store"},"id":"idkelas","lineno":2}],"value":{"args":[{"ast_type":"Str","col_offset":10,"lineno":2,"s":"idk"}],"ast_type":"Call","col_offset":8,"func":{"ast_type":"Name","col_offset":8,"ctx":{"ast_type":"Load"},"id":"c","lineno":2},"keywords":[],"lineno":2}},{"ast_type":"Assign","col_offset":0,"lineno":3,"targets":[{"ast_type":"Name","col_offset":0,"ctx":{"ast_type":"Store"},"id":"com","lineno":3}],"value":{"args":[],"ast_type":"Call","col_offset":4,"func":{"ast_type":"Name","col_offset":4,"ctx":{"ast_type":"Load"},"id":"d","lineno":3},"keywords":[],"lineno":3}},{"ast_type":"Assign","col_offset":0,"lineno":4,"targets":[{"ast_type":"Name","col_offset":0,"ctx":{"ast_type":"Store"},"id":"show_kelas","lineno":4}],"value":{"ast_type":"Str","col_offset":11,"lineno":4,"s":"xpto idkelas"}},{"ast_type":"Assign","col_offset":0,"lineno":5,"targets":[{"ast_type":"Name","col_offset":0,"ctx":{"ast_type":"Store"},"id":"koneksi","lineno":5}],"value":{"args":[{"ast_type":"Name","col_offset":10,"ctx":{"ast_type":"Load"},"id":"com","lineno":5},{"ast_type":"Name","col_offset":14,"ctx":{"ast_type":"Load"},"id":"koneksi","lineno":5}],"ast_type":"Call","col_offset":8,"func":{"ast_type":"Name","col_offset":8,"ctx":{"ast_type":"Load"},"id":"t","lineno":5},"keywords":[],"lineno":5}},{"ast_type":"Assign","col_offset":0,"lineno":6,"targets":[{"ast_type":"Name","col_offset":0,"ctx":{"ast_type":"Store"},"id":"hasil_kelas","lineno":6}],"value":{"args":[{"ast_type":"Name","col_offset":14,"ctx":{"ast_type":"Load"},"id":"show_kelas","lineno":6},{"ast_type":"Name","col_offset":25,"ctx":{"ast_type":"Load"},"id":"koneksi","lineno":6}],"ast_type":"Call","col_offset":12,"func":{"ast_type":"Name","col_offset":12,"ctx":{"ast_type":"Load"},"id":"z","lineno":6},"keywords":[],"lineno":6}}]}
