{"ast_type":"Module","body":[{"ast_type":"Assign","col_offset":0,"lineno":1,"targets":[{"ast_type":"Name","col_offset":0,"ctx":{"ast_type":"Store"},"id":"nis","lineno":1}],"value":{"args":[{"ast_type":"Str","col_offset":6,"lineno":1,"s":"nis"}],"ast_type":"Call","col_offset":4,"func":{"ast_type":"Name","col_offset":4,"ctx":{"ast_type":"Load"},"id":"c","lineno":1},"keywords":[],"lineno":1}},{"ast_type":"Assign","col_offset":0,"lineno":2,"targets":[{"ast_type":"Name","col_offset":0,"ctx":{"ast_type":"Store"},"id":"koneksi","lineno":2}],"value":{"ast_type":"Num","col_offset":8,"lineno":2,"n":{"ast_type":"int","n":0,"n_str":"0"}}},{"ast_type":"Assign","col_offset":0,"lineno":3,"targets":[{"ast_type":"Name","col_offset":0,"ctx":{"ast_type":"Store"},"id":"q","lineno":3}],"value":{"ast_type":"Str","col_offset":2,"lineno":3,"s":""}},{"ast_type":"While","body":[{"ast_type":"Assign","col_offset":6,"lineno":5,"targets":[{"ast_type":"Name","col_offset":6,"ctx":{"ast_type":"Store"},"id":"q","lineno":5}],"value":{"ast_type":"BinOp","col_offset":8,"left":{"ast_type":"Name","col_offset":8,"ctx":{"ast_type":"Load"},"id":"q","lineno":5},"lineno":5,"op":{"ast_type":"Add"},"right":{"ast_type":"Str","col_offset":12,"lineno":5,"s":"xpto1"}}},{"ast_type":"Assign","col_offset":6,"lineno":6,"targets":[{"ast_type":"Name","col_offset":6,"ctx":{"ast_type":"Store"},"id":"indarg","lineno":6}],"value":{"args":[{"ast_type":"Name","col_offset":17,"ctx":{"ast_type":"Load"},"id":"indarg","lineno":6}],"ast_type":"Call","col_offset":15,"func":{"ast_type":"Name","col_offset":15,"ctx":{"ast_type":"Load"},"id":"t","lineno":6},"keywords":[],"lineno":6}}],"col_offset":0,"lineno":4,"orelse":[],"test":{"ast_type":"Compare","col_offset":6,"comparators":[{"ast_type":"Name","col_offset":16,"ctx":{"ast_type":"Load"},"id":"nis","lineno":4}],"left":{"ast_type":"Name","col_offset":6,"ctx":{"ast_type":"Load"},"id":"indarg","lineno":4},"lineno":4,"ops":[{"ast_type":"Eq"}]}},{"ast_type":"Assign","col_offset":0,"lineno":7,"targets":[{"ast_type":"Name","col_offset":0,"ctx":{"ast_type":"Store"},"id":"q","lineno":7}],"value":{"args":[{"ast_type":"Name","col_offset":4,"ctx":{"ast_type":"Load"},"id":"koneksi","lineno":7},{"ast_type":"Name","col_offset":12,"ctx":{"ast_type":"Load"},"id":"q","lineno":7}],"ast_type":"Call","col_offset":2,"func":{"ast_type":"Name","col_offset":2,"ctx":{"ast_type":"Load"},"id":"w","lineno":7},"keywords":[],"lineno":7}}]}
