{"ast_type":"Module","body":[{"ast_type":"Assign","col_offset":0,"lineno":1,"targets":[{"ast_type":"Name","col_offset":0,"ctx":{"ast_type":"Store"},"id":"arg","lineno":1}],"value":{"args":[{"ast_type":"Str","col_offset":6,"lineno":1,"s":"nis"}],"ast_type":"Call","col_offset":4,"func":{"ast_type":"Name","col_offset":4,"ctx":{"ast_type":"Load"},"id":"b","lineno":1},"keywords":[],"lineno":1}},{"ast_type":"Assign","col_offset":0,"lineno":2,"targets":[{"ast_type":"Name","col_offset":0,"ctx":{"ast_type":"Store"},"id":"koneksi","lineno":2}],"value":{"ast_type":"Num","col_offset":8,"lineno":2,"n":{"ast_type":"int","n":0,"n_str":"0"}}},{"ast_type":"While","body":[{"ast_type":"Assign","col_offset":4,"lineno":4,"targets":[{"ast_type":"Name","col_offset":4,"ctx":{"ast_type":"Store"},"id":"first","lineno":4}],"value":{"args":[{"ast_type":"Name","col_offset":19,"ctx":{"ast_type":"Load"},"id":"arg","lineno":4},{"ast_type":"Num","col_offset":23,"lineno":4,"n":{"ast_type":"int","n":0,"n_str":"0"}},{"ast_type":"Num","col_offset":25,"lineno":4,"n":{"ast_type":"int","n":1,"n_str":"1"}}],"ast_type":"Call","col_offset":12,"func":{"ast_type":"Name","col_offset":12,"ctx":{"ast_type":"Load"},"id":"substr","lineno":4},"keywords":[],"lineno":4}},{"ast_type":"If","body":[{"ast_type":"Assign","col_offset":8,"lineno":7,"targets":[{"ast_type":"Name","col_offset":8,"ctx":{"ast_type":"Store"},"id":"indarg","lineno":7}],"value":{"ast_type":"BinOp","col_offset":17,"left":{"ast_type":"Name","col_offset":17,"ctx":{"ast_type":"Load"},"id":"indarg","lineno":7},"lineno":7,"op":{"ast_type":"Add"},"right":{"ast_type":"Str","col_offset":26,"lineno":7,"s":"'"}}}],"col_offset":4,"lineno":6,"orelse":[{"ast_type":"If","body":[{"ast_type":"Assign","col_offset":8,"lineno":9,"targets":[{"ast_type":"Name","col_offset":8,"ctx":{"ast_type":"Store"},"id":"indarg","lineno":9}],"value":{"ast_type":"BinOp","col_offset":17,"left":{"ast_type":"Name","col_offset":17,"ctx":{"ast_type":"Load"},"id":"indarg","lineno":9},"lineno":9,"op":{"ast_type":"Add"},"right":{"ast_type":"Str","col_offset":26,"lineno":9,"s":" "}}}],"col_offset":9,"lineno":8,"orelse":[{"ast_type":"If","body":[{"ast_type":"Assign","col_offset":8,"lineno":11,"targets":[{"ast_type":"Name","col_offset":8,"ctx":{"ast_type":"Store"},"id":"indarg","lineno":11}],"value":{"ast_type":"BinOp","col_offset":17,"left":{"ast_type":"Name","col_offset":17,"ctx":{"ast_type":"Load"},"id":"indarg","lineno":11},"lineno":11,"op":{"ast_type":"Add"},"right":{"ast_type":"Str","col_offset":26,"lineno":11,"s":"O"}}}],"col_offset":9,"lineno":10,"orelse":[{"ast_type":"If","body":[{"ast_type":"Assign","col_offset":8,"lineno":13,"targets":[{"ast_type":"Name","col_offset":8,"ctx":{"ast_type":"Store"},"id":"indarg","lineno":13}],"value":{"ast_type":"BinOp","col_offset":17,"left":{"ast_type":"Name","col_offset":17,"ctx":{"ast_type":"Load"},"id":"indarg","lineno":13},"lineno":13,"op":{"ast_type":"Add"},"right":{"ast_type":"Str","col_offset":26,"lineno":13,"s":"R"}}}],"col_offset":9,"lineno":12,"orelse":[{"ast_type":"If","body":[{"ast_type":"Assign","col_offset":8,"lineno":15,"targets":[{"ast_type":"Name","col_offset":8,"ctx":{"ast_type":"Store"},"id":"indarg","lineno":15}],"value":{"ast_type":"BinOp","col_offset":17,"left":{"ast_type":"Name","col_offset":17,"ctx":{"ast_type":"Load"},"id":"indarg","lineno":15},"lineno":15,"op":{"ast_type":"Add"},"right":{"ast_type":"Str","col_offset":26,"lineno":15,"s":"1"}}}],"col_offset":9,"lineno":14,"orelse":[{"ast_type":"If","body":[{"ast_type":"Assign","col_offset":8,"lineno":17,"targets":[{"ast_type":"Name","col_offset":8,"ctx":{"ast_type":"Store"},"id":"indarg","lineno":17}],"value":{"ast_type":"BinOp","col_offset":17,"left":{"ast_type":"Name","col_offset":17,"ctx":{"ast_type":"Load"},"id":"indarg","lineno":17},"lineno":17,"op":{"ast_type":"Add"},"right":{"ast_type":"Str","col_offset":26,"lineno":17,"s":"="}}}],"col_offset":9,"lineno":16,"orelse":[{"ast_type":"If","body":[{"ast_type":"Assign","col_offset":8,"lineno":19,"targets":[{"ast_type":"Name","col_offset":8,"ctx":{"ast_type":"Store"},"id":"indarg","lineno":19}],"value":{"ast_type":"BinOp","col_offset":17,"left":{"ast_type":"Name","col_offset":17,"ctx":{"ast_type":"Load"},"id":"indarg","lineno":19},"lineno":19,"op":{"ast_type":"Add"},"right":{"ast_type":"Str","col_offset":26,"lineno":19,"s":"-"}}}],"col_offset":9,"lineno":18,"orelse":[],"test":{"ast_type":"Compare","col_offset":9,"comparators":[{"ast_type":"Str","col_offset":16,"lineno":18,"s":"-"}],"left":{"ast_type":"Name","col_offset":9,"ctx":{"ast_type":"Load"},"id":"first","lineno":18},"lineno":18,"ops":[{"ast_type":"Eq"}]}}],"test":{"ast_type":"Compare","col_offset":9,"comparators":[{"ast_type":"Str","col_offset":16,"lineno":16,"s":"="}],"left":{"ast_type":"Name","col_offset":9,"ctx":{"ast_type":"Load"},"id":"first","lineno":16},"lineno":16,"ops":[{"ast_type":"Eq"}]}}],"test":{"ast_type":"Compare","col_offset":9,"comparators":[{"ast_type":"Str","col_offset":16,"lineno":14,"s":"1"}],"left":{"ast_type":"Name","col_offset":9,"ctx":{"ast_type":"Load"},"id":"first","lineno":14},"lineno":14,"ops":[{"ast_type":"Eq"}]}}],"test":{"ast_type":"Compare","col_offset":9,"comparators":[{"ast_type":"Str","col_offset":16,"lineno":12,"s":"R"}],"left":{"ast_type":"Name","col_offset":9,"ctx":{"ast_type":"Load"},"id":"first","lineno":12},"lineno":12,"ops":[{"ast_type":"Eq"}]}}],"test":{"ast_type":"Compare","col_offset":9,"comparators":[{"ast_type":"Str","col_offset":16,"lineno":10,"s":"O"}],"left":{"ast_type":"Name","col_offset":9,"ctx":{"ast_type":"Load"},"id":"first","lineno":10},"lineno":10,"ops":[{"ast_type":"Eq"}]}}],"test":{"ast_type":"Compare","col_offset":9,"comparators":[{"ast_type":"Str","col_offset":16,"lineno":8,"s":" "}],"left":{"ast_type":"Name","col_offset":9,"ctx":{"ast_type":"Load"},"id":"first","lineno":8},"lineno":8,"ops":[{"ast_type":"Eq"}]}}],"test":{"ast_type":"Compare","col_offset":7,"comparators":[{"ast_type":"Str","col_offset":14,"lineno":6,"s":"'"}],"left":{"ast_type":"Name","col_offset":7,"ctx":{"ast_type":"Load"},"id":"first","lineno":6},"lineno":6,"ops":[{"ast_type":"Eq"}]}},{"ast_type":"Assign","col_offset":4,"lineno":21,"targets":[{"ast_type":"Name","col_offset":4,"ctx":{"ast_type":"Store"},"id":"arg","lineno":21}],"value":{"args":[{"ast_type":"Name","col_offset":17,"ctx":{"ast_type":"Load"},"id":"arg","lineno":21},{"ast_type":"Num","col_offset":21,"lineno":21,"n":{"ast_type":"int","n":1,"n_str":"1"}}],"ast_type":"Call","col_offset":10,"func":{"ast_type":"Name","col_offset":10,"ctx":{"ast_type":"Load"},"id":"substr","lineno":21},"keywords":[],"lineno":21}}],"col_offset":0,"lineno":3,"orelse":[],"test":{"ast_type":"Compare","col_offset":7,"comparators":[{"ast_type":"Str","col_offset":14,"lineno":3,"s":""}],"left":{"ast_type":"Name","col_offset":7,"ctx":{"ast_type":"Load"},"id":"arg","lineno":3},"lineno":3,"ops":[{"ast_type":"NotEq"}]}},{"ast_type":"Assign","col_offset":0,"lineno":22,"targets":[{"ast_type":"Name","col_offset":0,"ctx":{"ast_type":"Store"},"id":"u","lineno":22}],"value":{"ast_type":"BinOp","col_offset":19,"left":{"ast_type":"BinOp","col_offset":2,"left":{"ast_type":"Str","col_offset":2,"lineno":22,"s":"xpto1"},"lineno":22,"op":{"ast_type":"Add"},"right":{"ast_type":"Name","col_offset":12,"ctx":{"ast_type":"Load"},"id":"indarg","lineno":22}},"lineno":22,"op":{"ast_type":"Add"},"right":{"ast_type":"Str","col_offset":21,"lineno":22,"s":"xpto2"}}},{"ast_type":"Expr","col_offset":0,"lineno":23,"value":{"args":[{"ast_type":"Name","col_offset":2,"ctx":{"ast_type":"Load"},"id":"u","lineno":23},{"ast_type":"Name","col_offset":4,"ctx":{"ast_type":"Load"},"id":"koneksi","lineno":23}],"ast_type":"Call","col_offset":0,"func":{"ast_type":"Name","col_offset":0,"ctx":{"ast_type":"Load"},"id":"z","lineno":23},"keywords":[],"lineno":23}}]}
