{"ast_type":"Module","body":[{"ast_type":"Assign","col_offset":0,"lineno":1,"targets":[{"ast_type":"Name","col_offset":0,"ctx":{"ast_type":"Store"},"id":"nis","lineno":1}],"value":{"args":[{"ast_type":"Str","col_offset":6,"lineno":1,"s":"nis"}],"ast_type":"Call","col_offset":4,"func":{"ast_type":"Name","col_offset":4,"ctx":{"ast_type":"Load"},"id":"a","lineno":1},"keywords":[],"lineno":1}},{"ast_type":"While","body":[{"ast_type":"Assign","col_offset":6,"lineno":3,"targets":[{"ast_type":"Name","col_offset":6,"ctx":{"ast_type":"Store"},"id":"query","lineno":3}],"value":{"ast_type":"BinOp","col_offset":12,"left":{"ast_type":"Str","col_offset":12,"lineno":3,"s":"xpto"},"lineno":3,"op":{"ast_type":"Add"},"right":{"ast_type":"Name","col_offset":21,"ctx":{"ast_type":"Load"},"id":"arg3","lineno":3}}},{"ast_type":"Assign","col_offset":6,"lineno":4,"targets":[{"ast_type":"Name","col_offset":6,"ctx":{"ast_type":"Store"},"id":"arg3","lineno":4}],"value":{"ast_type":"Name","col_offset":13,"ctx":{"ast_type":"Load"},"id":"arg2","lineno":4}},{"ast_type":"Assign","col_offset":6,"lineno":5,"targets":[{"ast_type":"Name","col_offset":6,"ctx":{"ast_type":"Store"},"id":"arg2","lineno":5}],"value":{"ast_type":"Name","col_offset":13,"ctx":{"ast_type":"Load"},"id":"arg1","lineno":5}},{"ast_type":"Assign","col_offset":6,"lineno":6,"targets":[{"ast_type":"Name","col_offset":6,"ctx":{"ast_type":"Store"},"id":"arg1","lineno":6}],"value":{"ast_type":"Name","col_offset":13,"ctx":{"ast_type":"Load"},"id":"nis","lineno":6}},{"ast_type":"Assign","col_offset":6,"lineno":7,"targets":[{"ast_type":"Name","col_offset":6,"ctx":{"ast_type":"Store"},"id":"indarg","lineno":7}],"value":{"args":[{"ast_type":"Name","col_offset":17,"ctx":{"ast_type":"Load"},"id":"indarg","lineno":7},{"ast_type":"Num","col_offset":24,"lineno":7,"n":{"ast_type":"int","n":1,"n_str":"1"}}],"ast_type":"Call","col_offset":15,"func":{"ast_type":"Name","col_offset":15,"ctx":{"ast_type":"Load"},"id":"s","lineno":7},"keywords":[],"lineno":7}}],"col_offset":0,"lineno":2,"orelse":[],"test":{"ast_type":"Compare","col_offset":6,"comparators":[{"ast_type":"Str","col_offset":16,"lineno":2,"s":""}],"left":{"ast_type":"Name","col_offset":6,"ctx":{"ast_type":"Load"},"id":"indarg","lineno":2},"lineno":2,"ops":[{"ast_type":"Eq"}]}},{"ast_type":"Assign","col_offset":0,"lineno":8,"targets":[{"ast_type":"Name","col_offset":0,"ctx":{"ast_type":"Store"},"id":"q","lineno":8}],"value":{"args":[{"ast_type":"Name","col_offset":4,"ctx":{"ast_type":"Load"},"id":"query","lineno":8}],"ast_type":"Call","col_offset":2,"func":{"ast_type":"Name","col_offset":2,"ctx":{"ast_type":"Load"},"id":"x","lineno":8},"keywords":[],"lineno":8}}]}
