{"ast_type":"Module","body":[{"ast_type":"Assign","col_offset":0,"lineno":1,"targets":[{"ast_type":"Name","col_offset":0,"ctx":{"ast_type":"Store"},"id":"nis","lineno":1}],"value":{"ast_type":"Num","col_offset":4,"lineno":1,"n":{"ast_type":"int","n":0,"n_str":"0"}}},{"ast_type":"Assign","col_offset":0,"lineno":2,"targets":[{"ast_type":"Name","col_offset":0,"ctx":{"ast_type":"Store"},"id":"koneksi","lineno":2}],"value":{"ast_type":"Num","col_offset":8,"lineno":2,"n":{"ast_type":"int","n":0,"n_str":"0"}}},{"ast_type":"Assign","col_offset":0,"lineno":3,"targets":[{"ast_type":"Name","col_offset":0,"ctx":{"ast_type":"Store"},"id":"nis","lineno":3}],"value":{"args":[{"ast_type":"Str","col_offset":6,"lineno":3,"s":"nis"}],"ast_type":"Call","col_offset":4,"func":{"ast_type":"Name","col_offset":4,"ctx":{"ast_type":"Load"},"id":"a","lineno":3},"keywords":[],"lineno":3}},{"ast_type":"Assign","col_offset":0,"lineno":4,"targets":[{"ast_type":"Name","col_offset":0,"ctx":{"ast_type":"Store"},"id":"q","lineno":4}],"value":{"ast_type":"BinOp","col_offset":16,"left":{"ast_type":"BinOp","col_offset":2,"left":{"ast_type":"Str","col_offset":2,"lineno":4,"s":"xpto1"},"lineno":4,"op":{"ast_type":"Add"},"right":{"ast_type":"Name","col_offset":12,"ctx":{"ast_type":"Load"},"id":"nis","lineno":4}},"lineno":4,"op":{"ast_type":"Add"},"right":{"ast_type":"Str","col_offset":18,"lineno":4,"s":"xpto2"}}},{"ast_type":"Expr","col_offset":0,"lineno":5,"value":{"args":[{"ast_type":"Name","col_offset":2,"ctx":{"ast_type":"Load"},"id":"koneksi","lineno":5},{"ast_type":"Name","col_offset":10,"ctx":{"ast_type":"Load"},"id":"q","lineno":5}],"ast_type":"Call","col_offset":0,"func":{"ast_type":"Name","col_offset":0,"ctx":{"ast_type":"Load"},"id":"z","lineno":5},"keywords":[],"lineno":5}}]}
