{"ast_type":"Module","body":[{"ast_type":"Assign","col_offset":0,"lineno":1,"targets":[{"ast_type":"Name","col_offset":0,"ctx":{"ast_type":"Store"},"id":"nis","lineno":1}],"value":{"args":[{"ast_type":"Str","col_offset":6,"lineno":1,"s":"nis"}],"ast_type":"Call","col_offset":4,"func":{"ast_type":"Name","col_offset":4,"ctx":{"ast_type":"Load"},"id":"b","lineno":1},"keywords":[],"lineno":1}},{"ast_type":"Assign","col_offset":0,"lineno":2,"targets":[{"ast_type":"Name","col_offset":0,"ctx":{"ast_type":"Store"},"id":"q","lineno":2}],"value":{"ast_type":"BinOp","col_offset":2,"left":{"ast_type":"Str","col_offset":2,"lineno":2,"s":"xpto1"},"lineno":2,"op":{"ast_type":"Add"},"right":{"ast_type":"Name","col_offset":12,"ctx":{"ast_type":"Load"},"id":"koneksi","lineno":2}}},{"ast_type":"Assign","col_offset":0,"lineno":3,"targets":[{"ast_type":"Name","col_offset":0,"ctx":{"ast_type":"Store"},"id":"q","lineno":3}],"value":{"args":[{"ast_type":"Name","col_offset":4,"ctx":{"ast_type":"Load"},"id":"q","lineno":3},{"ast_type":"Name","col_offset":6,"ctx":{"ast_type":"Load"},"id":"nis","lineno":3}],"ast_type":"Call","col_offset":2,"func":{"ast_type":"Name","col_offset":2,"ctx":{"ast_type":"Load"},"id":"y","lineno":3},"keywords":[],"lineno":3}},{"ast_type":"Assign","col_offset":0,"lineno":4,"targets":[{"ast_type":"Name","col_offset":0,"ctx":{"ast_type":"Store"},"id":"koneksi","lineno":4}],"value":{"args":[{"ast_type":"Name","col_offset":12,"ctx":{"ast_type":"Load"},"id":"koneksi","lineno":4}],"ast_type":"Call","col_offset":10,"func":{"ast_type":"Name","col_offset":10,"ctx":{"ast_type":"Load"},"id":"s","lineno":4},"keywords":[],"lineno":4}}]}
