{"ast_type":"Module","body":[{"ast_type":"Assign","col_offset":0,"lineno":1,"targets":[{"ast_type":"Name","col_offset":0,"ctx":{"ast_type":"Store"},"id":"nis","lineno":1}],"value":{"args":[{"ast_type":"Str","col_offset":6,"lineno":1,"s":"nis"}],"ast_type":"Call","col_offset":4,"func":{"ast_type":"Name","col_offset":4,"ctx":{"ast_type":"Load"},"id":"b","lineno":1},"keywords":[],"lineno":1}},{"ast_type":"Assign","col_offset":0,"lineno":2,"targets":[{"ast_type":"Name","col_offset":0,"ctx":{"ast_type":"Store"},"id":"q","lineno":2}],"value":{"args":[{"ast_type":"BinOp","col_offset":4,"left":{"ast_type":"Str","col_offset":4,"lineno":2,"s":"xpto1 %s xpto2"},"lineno":2,"op":{"ast_type":"Mod"},"right":{"ast_type":"Name","col_offset":23,"ctx":{"ast_type":"Load"},"id":"koneksi","lineno":2}}],"ast_type":"Call","col_offset":2,"func":{"ast_type":"Name","col_offset":2,"ctx":{"ast_type":"Load"},"id":"y","lineno":2},"keywords":[],"lineno":2}}]}
